contact_history,experiments
AAA,AAA
AAFE,AAFE
AAIF,AAIF
ACCESS,ACCESS
ACTS,ACTS
ALIGN,ALIGN
APIAvote,APIAvote
AQE,AQE
AWNY,AWNY
Adhikaar,APAV
BACDYS,APAV
BEE,BEE
BTAc4,BTAc4
BtAc3,BtAc3
C2Wc4,C2Wc4
C3-NYSCET,NYCET
C4-NYSCET,NYCET
CAAAV-NY,CAAAV-NY
CACWNY,CACWNY
CAFE,CAFE
CANY,CANY
CCEF,CCEF
CCNY,CCNY
CEJ,CEJ
COPO,COPO
CPA,CPA
CPC,APAV
CPHJ,CPHJ
CV,CV
CVHA,CVHA
CVHP,CVHP
CVHPAC,CVHPAC
Chhaya,Chhaya
DUSA,DUSA
Dejus,Dejus
EANY,EANY
ELI,ELI
ESPA (C3),ESPA (C3)
ESPA (C4),ESPA (C4)
FUREE,FUREE
Gamaliel,Gamaliel
HAUP,HAUP
HF,HF
HHCA,HHCA
IC,APAV
IDG,IDG
ISACC,APAV
JFREJ,JFREJ
KALCA,APAV
KCSMNY,APAV
LF,LF
LICET,LICET
LIFE,LIFE
LIPC,LIPC
LIW,LIW
LLC,LLC
LWIA,LWIA
MJ,MJ
MRAF,MRAF
MVLA,MVLA
Minkwon,APAV
NICE,NICE
NIRH,NIRH
NMCIR,NMCIR
NWBCCC,NWBCCC
NYAGVED,NYAGVED
NYCOF,NYCOF
NYGJGS,NYGJGS
NYIC,NYIC
NYSIAF,NYSIAF
NYSNA,NYSNA
OCA-NY,APAV
OLA,OLA
PEP,PEP
PICO (c3),PICO (c3)
PICO Action,PICO Action
PPEFNY,PPEF
PUSH,PUSH
RAVEL,RAVEL
REPLI,REPLI
RISE,RISE
RYTF,RYTF
Roc/ACTS,Roc/ACTS
SACSS,APAV
SEPA,SEPA
SPaCE,SPaCE
SURJ,SURJ
Stop&FriskNY,Stop&FriskNY
TBI,TBI
TLHCalls,TLHCalls
TPAC,TPAC
UCAB,APAV
UniPro,APAV
VOCAL-NY,VOCAL-NY
Voto Latino,Voto Latino
WC,WC
WE ACT,WE ACT
YWCAOC,YWCAOC
YWCAQueens,APAV
MRNY,MRNY
NYCC,NYCC
